Event_Id,Name,Date,Location
5efaaf313b652dd7,UFC Fight Night: Lopes vs. Silva,"September 13, 2025","San Antonio, Texas, USA"
6e380a4d73ab4f0e,UFC Fight Night: Imavov vs. Borralho,"September 06, 2025","Paris, Ile-de-France, France"
754968e325d6f60d,UFC Fight Night: Walker vs. Zhang,"August 23, 2025","Shanghai, Hebei, China"
421ccfc6ddb17958,UFC 319: Du Plessis vs. Chimaev,"August 16, 2025","Chicago, Illinois, USA"
6cd3dfc54f01287f,UFC Fight Night: Dolidze vs. Hernandez,"August 09, 2025","Las Vegas, Nevada, USA"
f2c934689243fe4e,UFC Fight Night: Taira vs. Park,"August 02, 2025","Las Vegas, Nevada, USA"
28d8638ea0a71908,UFC Fight Night: Whittaker vs. De Ridder,"July 26, 2025","Abu Dhabi, Abu Dhabi, United Arab Emirates"
b8e2f10efb6eca85,UFC 318: Holloway vs. Poirier 3,"July 19, 2025","New Orleans, Louisiana, USA"
7b03d9df5910917d,UFC Fight Night: Lewis vs. Teixeira,"July 12, 2025","Nashville, Tennessee, USA"
66766984842c13dc,UFC 317: Topuria vs. Oliveira,"June 28, 2025","Las Vegas, Nevada, USA"
400c7b43c86d27d3,UFC Fight Night: Hill vs. Rountree Jr.,"June 21, 2025","Baku, Azerbaijan"
de277a4abcfeea46,UFC Fight Night: Usman vs. Buckley,"June 14, 2025","Atlanta, Georgia, USA"
18c49685296c60e6,UFC 316: Dvalishvili vs. O'Malley 2,"June 07, 2025","Newark, New Jersey, USA"
2a898bf9fb7710b3,UFC Fight Night: Blanchfield vs. Barber,"May 31, 2025","Las Vegas, Nevada, USA"
8ad022dd81224f61,UFC Fight Night: Burns vs. Morales,"May 17, 2025","Las Vegas, Nevada, USA"
118463dd8db16e7f,UFC 315: Muhammad vs. Della Maddalena,"May 10, 2025","Montreal, Quebec, Canada"
de20ffb3fc2e7629,UFC Fight Night: Sandhagen vs. Figueiredo,"May 03, 2025","Des Moines, Iowa, USA"
b2e3aca4cd363477,UFC Fight Night: Machado Garry vs. Prates,"April 26, 2025","Kansas City, Missouri, USA"
22f4b6cb6b1bd7fd,UFC 314: Volkanovski vs. Lopes,"April 12, 2025","Miami, Florida, USA"
86b30a86664cb6e4,UFC Fight Night: Emmett vs. Murphy,"April 05, 2025","Las Vegas, Nevada, USA"
0f7210aa8d61af8d,UFC Fight Night: Moreno vs. Erceg,"March 29, 2025","Mexico City, Distrito Federal, Mexico"
cc2ad11b1f9d818b,UFC Fight Night: Edwards vs. Brady,"March 22, 2025","London, England, United Kingdom"
39f62b833e4cf126,UFC Fight Night: Vettori vs. Dolidze 2,"March 15, 2025","Las Vegas, Nevada, USA"
ca936c67687789e9,UFC 313: Pereira vs. Ankalaev,"March 08, 2025","Las Vegas, Nevada, USA"
9766ed20b68c7c33,UFC Fight Night: Kape vs. Almabayev,"March 01, 2025","Las Vegas, Nevada, USA"
c50ea21fe9ef478d,UFC Fight Night: Cejudo vs. Song,"February 22, 2025","Seattle, Washington, USA"
ce7871949b0ed2bf,UFC Fight Night: Cannonier vs. Rodrigues,"February 15, 2025","Las Vegas, Nevada, USA"
e6015889f50075d2,UFC 312: Du Plessis vs. Strickland 2,"February 08, 2025","Sydney, New South Wales, Australia"
80dbeb1dd5b53e64,UFC Fight Night: Adesanya vs. Imavov,"February 01, 2025","Riyadh, Riyadh, Saudi Arabia"
39f68882def7a507,UFC 311: Makhachev vs. Moicano,"January 18, 2025","Inglewood, California, USA"
81ddc98fceb30086,UFC Fight Night: Dern vs. Ribas 2,"January 11, 2025","Las Vegas, Nevada, USA"
72c9c2eadfc3277e,UFC Fight Night: Covington vs. Buckley,"December 14, 2024","Tampa, Florida, USA"
ad23903ef3af7406,UFC 310: Pantoja vs. Asakura,"December 07, 2024","Las Vegas, Nevada, USA"
e955046551f8c7dd,UFC Fight Night: Yan vs. Figueiredo,"November 23, 2024","Macau, China"
daff32bc96d1eabf,UFC 309: Jones vs. Miocic,"November 16, 2024","New York City, New York, USA"
585f9ffdb0cd0466,UFC Fight Night: Magny vs. Prates,"November 09, 2024","Las Vegas, Nevada, USA"
3ab0df1ddd5f1dc2,UFC Fight Night: Moreno vs. Albazi,"November 02, 2024","Edmonton, Alberta, Canada"
221b2a3070c7ce3e,UFC 308: Topuria vs. Holloway,"October 26, 2024","Abu Dhabi, Abu Dhabi, United Arab Emirates"
6a0047ac8c99fece,UFC Fight Night: Hernandez vs. Pereira,"October 19, 2024","Las Vegas, Nevada, USA"
5bdcbd8dd681a257,UFC Fight Night: Royval vs. Taira,"October 12, 2024","Las Vegas, Nevada, USA"
eee8efec7b951d84,UFC 307: Pereira vs. Rountree Jr.,"October 05, 2024","Salt Lake City, Utah, USA"
079488710f012779,UFC Fight Night: Moicano vs. Saint Denis,"September 28, 2024","Paris, Ile-de-France, France"
0c01568b1ac77bff,UFC 306: Riyadh Season Noche UFC,"September 14, 2024","Las Vegas, Nevada, USA"
ee0b69e307c857e5,UFC Fight Night: Burns vs. Brady,"September 07, 2024","Las Vegas, Nevada, USA"
be8ad887e4d674b0,UFC Fight Night: Cannonier vs. Borralho,"August 24, 2024","Las Vegas, Nevada, USA"
32ba186f4b0e3267,UFC 305: Du Plessis vs. Adesanya,"August 17, 2024","Perth, Western Australia, Australia"
2c733e059462c1dc,UFC Fight Night: Tybura vs. Spivac 2,"August 10, 2024","Las Vegas, Nevada, USA"
fe435e440b5de0ff,UFC Fight Night: Sandhagen vs. Nurmagomedov,"August 03, 2024","Abu Dhabi, Abu Dhabi, United Arab Emirates"
026b4f7049085842,UFC 304: Edwards vs. Muhammad 2,"July 27, 2024","Manchester, England, United Kingdom"
c11036da9162cb5f,UFC Fight Night: Lemos vs. Jandiroba,"July 20, 2024","Las Vegas, Nevada, USA"
66e0a70352fef46a,UFC Fight Night: Namajunas vs. Cortez,"July 13, 2024","Denver, Colorado, USA"
f3743d8ef5dde970,UFC 303: Pereira vs. Prochazka 2,"June 29, 2024","Las Vegas, Nevada, USA"
b12a1d19ee383b7c,UFC Fight Night: Whittaker vs. Aliskerov,"June 22, 2024","Riyadh, Riyadh, Saudi Arabia"
9c5828c6fd9dc948,UFC Fight Night: Perez vs. Taira,"June 15, 2024","Las Vegas, Nevada, USA"
cba3a2dfbc06ce79,UFC Fight Night: Cannonier vs. Imavov,"June 08, 2024","Louisville, Kentucky, USA"
6e4acc2c115215b5,UFC 302: Makhachev vs. Poirier,"June 01, 2024","Newark, New Jersey, USA"
46baf0f57edfa4df,UFC Fight Night: Barboza vs. Murphy,"May 18, 2024","Las Vegas, Nevada, USA"
5dfe71ade71f3a4b,UFC Fight Night: Lewis vs. Nascimento,"May 11, 2024","St. Louis, Missouri, USA"
981ab7a0576f76a0,UFC 301: Pantoja vs. Erceg,"May 04, 2024","Rio de Janeiro, Rio de Janeiro, Brazil"
a16ce18149021139,UFC Fight Night: Nicolau vs. Perez,"April 27, 2024","Las Vegas, Nevada, USA"
6750e338922a099d,UFC 300: Pereira vs. Hill,"April 13, 2024","Las Vegas, Nevada, USA"
899eaba48fa864a6,UFC Fight Night: Allen vs. Curtis 2,"April 06, 2024","Las Vegas, Nevada, USA"
dba230fe33011201,UFC Fight Night: Blanchfield vs. Fiorot,"March 30, 2024","Atlantic City, New Jersey, USA"
79ff6545b0abc685,UFC Fight Night: Ribas vs. Namajunas,"March 23, 2024","Las Vegas, Nevada, USA"
c398235fcaf8d71d,UFC Fight Night: Tuivasa vs. Tybura,"March 16, 2024","Las Vegas, Nevada, USA"
a9df5ae20a97b090,UFC 299: O'Malley vs. Vera 2,"March 09, 2024","Miami, Florida, USA"
e4a9dbade7c7e1a7,UFC Fight Night: Rozenstruik vs. Gaziev,"March 02, 2024","Las Vegas, Nevada, USA"
902ab9197b83d0db,UFC Fight Night: Moreno vs. Royval 2,"February 24, 2024","Mexico City, Distrito Federal, Mexico"
dab0e6cb8c932162,UFC 298: Volkanovski vs. Topuria,"February 17, 2024","Anaheim, California, USA"
eaea0fc7b76525a8,UFC Fight Night: Hermansson vs. Pyfer,"February 10, 2024","Las Vegas, Nevada, USA"
cce79e827569f26e,UFC Fight Night: Dolidze vs. Imavov,"February 03, 2024","Las Vegas, Nevada, USA"
bd85ca0bb4f26cfc,UFC 297: Strickland vs. Du Plessis,"January 20, 2024","Toronto, Ontario, Canada"
010986ee359fb863,UFC Fight Night: Ankalaev vs. Walker 2,"January 13, 2024","Las Vegas, Nevada, USA"
a8e8587a06e73c87,UFC 296: Edwards vs. Covington,"December 16, 2023","Las Vegas, Nevada, USA"
5ef0088c1b19beeb,UFC Fight Night: Song vs. Gutierrez,"December 09, 2023","Las Vegas, Nevada, USA"
53e4e21f4c688801,UFC Fight Night: Dariush vs. Tsarukyan,"December 02, 2023","Austin, Texas, USA"
3feed7d02711d8b7,UFC Fight Night: Allen vs. Craig,"November 18, 2023","Las Vegas, Nevada, USA"
5a558ba1ff5e9121,UFC 295: Prochazka vs. Pereira,"November 11, 2023","New York City, New York, USA"
7c4ec656d8fcb867,UFC Fight Night: Almeida vs. Lewis,"November 04, 2023","Sao Paulo, Sao Paulo, Brazil"
13a0fb8fbdafb54f,UFC 294: Makhachev vs. Volkanovski 2,"October 21, 2023","Abu Dhabi, Abu Dhabi, United Arab Emirates"
f3a078277b3b8ff4,UFC Fight Night: Yusuff vs. Barboza,"October 14, 2023","Las Vegas, Nevada, USA"
c8a49ff2acb6f3c5,UFC Fight Night: Dawson vs. Green,"October 07, 2023","Las Vegas, Nevada, USA"
c945adc22c2bfe8f,UFC Fight Night: Fiziev vs. Gamrot,"September 23, 2023","Las Vegas, Nevada, USA"
8fa2b06572365321,UFC Fight Night: Grasso vs. Shevchenko 2,"September 16, 2023","Las Vegas, Nevada, USA"
ece280745f8727b8,UFC 293: Adesanya vs. Strickland,"September 09, 2023","Sydney, New South Wales, Australia"
ef61d9f5176b3200,UFC Fight Night: Gane vs. Spivac,"September 02, 2023","Paris, Ile-de-France, France"
89a407032911e27e,UFC Fight Night: Holloway vs. The Korean Zombie,"August 26, 2023","Kallang, Singapore"
2719f300b0439039,UFC 292: Sterling vs. O'Malley,"August 19, 2023","Boston, Massachusetts, USA"
d2fa318f34d0aadc,UFC Fight Night: Luque vs. Dos Anjos,"August 12, 2023","Las Vegas, Nevada, USA"
6f81b6de2557739a,UFC Fight Night: Sandhagen vs. Font,"August 05, 2023","Nashville, Tennessee, USA"
ccd58ff71e260ed5,UFC 291: Poirier vs. Gaethje 2,"July 29, 2023","Salt Lake City, Utah, USA"
1174782eacde9b0c,UFC Fight Night: Aspinall vs. Tybura,"July 22, 2023","London, England, United Kingdom"
c9885b1b7c7055a0,UFC Fight Night: Holm vs. Bueno Silva,"July 15, 2023","Las Vegas, Nevada, USA"
6085ceb59087514b,UFC 290: Volkanovski vs. Rodriguez,"July 08, 2023","Las Vegas, Nevada, USA"
e9e1acc96536bb4f,UFC Fight Night: Strickland vs. Magomedov,"July 01, 2023","Las Vegas, Nevada, USA"
a780d16cf7eed44d,UFC Fight Night: Emmett vs. Topuria,"June 24, 2023","Jacksonville, Florida, USA"
b9415726dc3ec526,UFC Fight Night: Vettori vs. Cannonier,"June 17, 2023","Las Vegas, Nevada, USA"
b6c6d1731ff00eeb,UFC 289: Nunes vs. Aldana,"June 10, 2023","Vancouver, British Columbia, Canada"
7abe471b61725980,UFC Fight Night: Kara-France vs. Albazi,"June 03, 2023","Las Vegas, Nevada, USA"
6f812143641ceff8,UFC Fight Night: Dern vs. Hill,"May 20, 2023","Las Vegas, Nevada, USA"
901cddcbfa079097,UFC Fight Night: Rozenstruik vs. Almeida,"May 13, 2023","Charlotte, North Carolina, USA"
3c6976f8182d9527,UFC 288: Sterling vs. Cejudo,"May 06, 2023","Newark, New Jersey, USA"
51b1e2fd9872005b,UFC Fight Night: Song vs. Simon,"April 29, 2023","Las Vegas, Nevada, USA"
6fb1ba67bef41b37,UFC Fight Night: Pavlovich vs. Blaydes,"April 22, 2023","Las Vegas, Nevada, USA"
15b1b21cd743d652,UFC Fight Night: Holloway vs. Allen,"April 15, 2023","Kansas City, Missouri, USA"
3dc3022232b79c7a,UFC 287: Pereira vs. Adesanya 2,"April 08, 2023","Miami, Florida, USA"
aec273fcb765330d,UFC Fight Night: Vera vs. Sandhagen,"March 25, 2023","San Antonio, Texas, USA"
e4bb7e483c4ad318,UFC 286: Edwards vs. Usman 3,"March 18, 2023","London, England, United Kingdom"
35080a7f406f9ab3,UFC Fight Night: Yan vs. Dvalishvili,"March 11, 2023","Las Vegas, Nevada, USA"
1ccff7f0cfdf85eb,UFC 285: Jones vs. Gane,"March 04, 2023","Las Vegas, Nevada, USA"
806975e1b4f47b27,UFC Fight Night: Muniz vs. Allen,"February 25, 2023","Las Vegas, Nevada, USA"
f21a3d68fb9df387,UFC Fight Night: Andrade vs. Blanchfield,"February 18, 2023","Las Vegas, Nevada, USA"
01dd4cdc2446f665,UFC 284: Makhachev vs. Volkanovski,"February 11, 2023","Perth, Western Australia, Australia"
d26394fc0e8e880a,UFC Fight Night: Lewis vs. Spivac,"February 04, 2023","Las Vegas, Nevada, USA"
5717efc6f271cd52,UFC 283: Teixeira vs. Hill,"January 21, 2023","Rio de Janeiro, Rio de Janeiro, Brazil"
2e2cdb6e9eb84bb9,UFC Fight Night: Strickland vs. Imavov,"January 14, 2023","Las Vegas, Nevada, USA"
56ec58954158966a,UFC Fight Night: Cannonier vs. Strickland,"December 17, 2022","Las Vegas, Nevada, USA"
f65a0eb902f9476b,UFC 282: Blachowicz vs. Ankalaev,"December 10, 2022","Las Vegas, Nevada, USA"
b23388ff8ac6637b,UFC Fight Night: Thompson vs. Holland,"December 03, 2022","Orlando, Florida, USA"
012fc7cd0779c09a,UFC Fight Night: Nzechukwu vs. Cutelaba,"November 19, 2022","Las Vegas, Nevada, USA"
b3b6e80b7d5f8f0d,UFC 281: Adesanya vs. Pereira,"November 12, 2022","New York City, New York, USA"
756f45905fb20cb5,UFC Fight Night: Rodriguez vs. Lemos,"November 05, 2022","Las Vegas, Nevada, USA"
be5aab761c40ef35,UFC Fight Night: Kattar vs. Allen,"October 29, 2022","Las Vegas, Nevada, USA"
885e7f70dcac0007,UFC 280: Oliveira vs. Makhachev,"October 22, 2022","Abu Dhabi, Abu Dhabi, United Arab Emirates"
49c29e57d4e2be6f,UFC Fight Night: Grasso vs. Araujo,"October 15, 2022","Las Vegas, Nevada, USA"
4f670b7972fa0a2e,UFC Fight Night: Dern vs. Yan,"October 01, 2022","Las Vegas, Nevada, USA"
8d477c3fbe001f9d,UFC Fight Night: Sandhagen vs. Song,"September 17, 2022","Las Vegas, Nevada, USA"
93bf96be327fcd98,UFC 279: Diaz vs. Ferguson,"September 10, 2022","Las Vegas, Nevada, USA"
00a905a4a4a2b071,UFC Fight Night: Gane vs. Tuivasa,"September 03, 2022","Paris, Ile-de-France, France"
4f853e98886283cf,UFC 278: Usman vs. Edwards,"August 20, 2022","Salt Lake City, Utah, USA"
a23e63184c65f5b8,UFC Fight Night: Vera vs. Cruz,"August 13, 2022","San Diego, California, USA"
8f6a18831a120817,UFC Fight Night: Santos vs. Hill,"August 06, 2022","Las Vegas, Nevada, USA"
b0a6124751a56bc4,UFC 277: Pena vs. Nunes 2,"July 30, 2022","Dallas, Texas, USA"
319c15b8aac5bfde,UFC Fight Night: Blaydes vs. Aspinall,"July 23, 2022","London, England, United Kingdom"
8fd76e1b49c00ae2,UFC Fight Night: Ortega vs. Rodriguez,"July 16, 2022","Elmont, New York, USA"
31da66df48c0c1a0,UFC Fight Night: Dos Anjos vs. Fiziev,"July 09, 2022","Las Vegas, Nevada, USA"
4a9e305633f3ef47,UFC 276: Adesanya vs. Cannonier,"July 02, 2022","Las Vegas, Nevada, USA"
eb42d4febfafefd1,UFC Fight Night: Tsarukyan vs. Gamrot,"June 25, 2022","Las Vegas, Nevada, USA"
a0a680fe2f6cc8e6,UFC Fight Night: Kattar vs. Emmett,"June 18, 2022","Austin, Texas, USA"
3a24769a4855040a,UFC 275: Teixeira vs. Prochazka,"June 11, 2022","Kallang, Singapore"
57591bbf1623574e,UFC Fight Night: Volkov vs. Rozenstruik,"June 04, 2022","Las Vegas, Nevada, USA"
a6c32678efd4f434,UFC Fight Night: Holm vs. Vieira,"May 21, 2022","Las Vegas, Nevada, USA"
60ba33c3f555a7a3,UFC Fight Night: Blachowicz vs. Rakic,"May 14, 2022","Las Vegas, Nevada, USA"
253d3f9e97ca149a,UFC 274: Oliveira vs. Gaethje,"May 07, 2022","Phoenix, Arizona, USA"
6bf5a7d3e081ade2,UFC Fight Night: Font vs. Vera,"April 30, 2022","Las Vegas, Nevada, USA"
236a37d96d476164,UFC Fight Night: Lemos vs. Andrade,"April 23, 2022","Las Vegas, Nevada, USA"
8753e125f4499816,UFC Fight Night: Luque vs. Muhammad,"April 16, 2022","Las Vegas, Nevada, USA"
3a97fda0de6f1fa4,UFC 273: Volkanovski vs. The Korean Zombie,"April 09, 2022","Jacksonville, Florida, USA"
1fac46d466abd5b8,UFC Fight Night: Blaydes vs. Daukaus,"March 26, 2022","Columbus, Ohio, USA"
1d00756835ca67c9,UFC Fight Night: Volkov vs. Aspinall,"March 19, 2022","London, England, United Kingdom"
1f9344211ca7fd60,UFC Fight Night: Santos vs. Ankalaev,"March 12, 2022","Las Vegas, Nevada, USA"
75e0d3cc2262b732,UFC 272: Covington vs. Masvidal,"March 05, 2022","Las Vegas, Nevada, USA"
f6a7b02c42e9fc5b,UFC Fight Night: Makhachev vs. Green,"February 26, 2022","Las Vegas, Nevada, USA"
77940e45bc86208e,UFC Fight Night: Walker vs. Hill,"February 19, 2022","Las Vegas, Nevada, USA"
cbb682f5fcc44bfc,UFC 271: Adesanya vs. Whittaker 2,"February 12, 2022","Houston, Texas, USA"
883922e5cd6d8473,UFC Fight Night: Hermansson vs. Strickland,"February 05, 2022","Las Vegas, Nevada, USA"
335ad945324c3a2e,UFC 270: Ngannou vs. Gane,"January 22, 2022","Anaheim, California, USA"
f5585e675af7afd4,UFC Fight Night: Kattar vs. Chikadze,"January 15, 2022","Las Vegas, Nevada, USA"
2a470ad41c22c25a,UFC Fight Night: Lewis vs. Daukaus,"December 18, 2021","Las Vegas, Nevada, USA"
ef927e4fe2117ab8,UFC 269: Oliveira vs. Poirier,"December 11, 2021","Las Vegas, Nevada, USA"
509697e08673d2e5,UFC Fight Night: Font vs. Aldo,"December 04, 2021","Las Vegas, Nevada, USA"
c95fbc085e17a532,UFC Fight Night: Vieira vs. Tate,"November 20, 2021","Las Vegas, Nevada, USA"
b5abaa65f87938eb,UFC Fight Night: Holloway vs. Rodriguez,"November 13, 2021","Las Vegas, Nevada, USA"
48e093ea1f43a053,UFC 268: Usman vs. Covington 2,"November 06, 2021","New York City, New York, USA"
3974fa35c917af1d,UFC 267: Blachowicz vs. Teixeira,"October 30, 2021","Abu Dhabi, Abu Dhabi, United Arab Emirates"
8a9c6c4301f6d088,UFC Fight Night: Costa vs. Vettori,"October 23, 2021","Las Vegas, Nevada, USA"
8f4616698508f24d,UFC Fight Night: Ladd vs. Dumont,"October 16, 2021","Las Vegas, Nevada, USA"
d247691a6c0e9034,UFC Fight Night: Dern vs. Rodriguez,"October 09, 2021","Las Vegas, Nevada, USA"
e15d0a2519d6a0b5,UFC Fight Night: Santos vs. Walker,"October 02, 2021","Las Vegas, Nevada, USA"
0eec866a077889f0,UFC 266: Volkanovski vs. Ortega,"September 25, 2021","Las Vegas, Nevada, USA"
4c27ca8c8481f79a,UFC Fight Night: Smith vs. Spann,"September 18, 2021","Las Vegas, Nevada, USA"
b9532d815060de7f,UFC Fight Night: Brunson vs. Till,"September 04, 2021","Las Vegas, Nevada, USA"
0db9d2486d564a3c,UFC Fight Night: Barboza vs. Chikadze,"August 28, 2021","Las Vegas, Nevada, USA"
2f13e4020cea5b38,UFC Fight Night: Cannonier vs. Gastelum,"August 21, 2021","Las Vegas, Nevada, USA"
972197a8c61ac413,UFC 265: Lewis vs. Gane,"August 07, 2021","Houston, Texas, USA"
320edfb0332b7073,UFC Fight Night: Hall vs. Strickland,"July 31, 2021","Las Vegas, Nevada, USA"
e57f0b06ea39e360,UFC Fight Night: Sandhagen vs. Dillashaw,"July 24, 2021","Las Vegas, Nevada, USA"
40389d39a92f5bfa,UFC Fight Night: Makhachev vs. Moises,"July 17, 2021","Las Vegas, Nevada, USA"
8a0be41c0380188d,UFC 264: Poirier vs. McGregor 3,"July 10, 2021","Las Vegas, Nevada, USA"
a1d6b308781aa2f5,UFC Fight Night: Gane vs. Volkov,"June 26, 2021","Las Vegas, Nevada, USA"
9ddfb3369a3b0394,UFC Fight Night: Jung vs. Ige,"June 19, 2021","Las Vegas, Nevada, USA"
0b64d0fed453ef7f,UFC 263: Adesanya vs. Vettori 2,"June 12, 2021","Glendale, Arizona, USA"
3b2485c8d5c8b580,UFC Fight Night: Rozenstruik vs. Sakai,"June 05, 2021","Las Vegas, Nevada, USA"
277ffed20cf07aea,UFC Fight Night: Font vs. Garbrandt,"May 22, 2021","Las Vegas, Nevada, USA"
744f50016c39c26c,UFC 262: Oliveira vs. Chandler,"May 15, 2021","Houston, Texas, USA"
58a36b4ccf5dc30e,UFC Fight Night: Rodriguez vs. Waterson,"May 08, 2021","Las Vegas, Nevada, USA"
d57e6a8971b6d2bd,UFC Fight Night: Reyes vs. Prochazka,"May 01, 2021","Las Vegas, Nevada, USA"
27541033b97c076d,UFC 261: Usman vs. Masvidal 2,"April 24, 2021","Jacksonville, Florida, USA"
4a35913bd9aa4161,UFC Fight Night: Whittaker vs. Gastelum,"April 17, 2021","Las Vegas, Nevada, USA"
9114c8ded5ccd71d,UFC Fight Night: Vettori vs. Holland,"April 10, 2021","Las Vegas, Nevada, USA"
6597b611f1c32555,UFC 260: Miocic vs. Ngannou,"March 27, 2021","Las Vegas, Nevada, USA"
c36e1f4fa755ffb4,UFC Fight Night: Brunson vs. Holland,"March 20, 2021","Las Vegas, Nevada, USA"
8c90c1563972e44d,UFC Fight Night: Edwards vs. Muhammad,"March 13, 2021","Las Vegas, Nevada, USA"
6e2b1d631832921d,UFC 259: Blachowicz vs. Adesanya,"March 06, 2021","Las Vegas, Nevada, USA"
81b57acd6975ac06,UFC Fight Night: Rozenstruik vs. Gane,"February 27, 2021","Las Vegas, Nevada, USA"
bfe95ec546692b13,UFC Fight Night: Blaydes vs. Lewis,"February 20, 2021","Las Vegas, Nevada, USA"
3f7c14c7eca7195d,UFC 258: Usman vs. Burns,"February 13, 2021","Las Vegas, Nevada, USA"
a1153013cb5f628f,UFC Fight Night: Overeem vs. Volkov,"February 06, 2021","Las Vegas, Nevada, USA"
4304992c2acc187b,UFC 257: Poirier vs. McGregor,"January 23, 2021","Abu Dhabi, Abu Dhabi, United Arab Emirates"
56116537d71a578c,UFC Fight Night: Chiesa vs. Magny,"January 20, 2021","Abu Dhabi, Abu Dhabi, United Arab Emirates"
307064d3e0f036c2,UFC Fight Night: Holloway vs. Kattar,"January 16, 2021","Abu Dhabi, Abu Dhabi, United Arab Emirates"
e49c2db95e572dc8,UFC Fight Night: Thompson vs. Neal,"December 19, 2020","Las Vegas, Nevada, USA"
d0d43cb9b14f231c,UFC 256: Figueiredo vs. Moreno,"December 12, 2020","Las Vegas, Nevada, USA"
398b440e73d55b8b,UFC Fight Night: Hermansson vs. Vettori,"December 05, 2020","Las Vegas, Nevada, USA"
992c82450d96f726,UFC Fight Night: Smith vs. Clark,"November 28, 2020","Las Vegas, Nevada, USA"
bbb15f301e4a490a,UFC 255: Figueiredo vs. Perez,"November 21, 2020","Las Vegas, Nevada, USA"
3bc27ec15facbcf3,UFC Fight Night: Felder vs. Dos Anjos,"November 14, 2020","Las Vegas, Nevada, USA"
41dca66f9dadfc86,UFC Fight Night: Santos vs. Teixeira,"November 07, 2020","Las Vegas, Nevada, USA"
ad044be25c94dcfd,UFC Fight Night: Hall vs. Silva,"October 31, 2020","Las Vegas, Nevada, USA"
c3c38c86f5ab9b5c,UFC 254: Khabib vs. Gaethje,"October 24, 2020","Abu Dhabi, Abu Dhabi, United Arab Emirates"
d4f364dd076bb0e2,UFC Fight Night: Ortega vs. The Korean Zombie,"October 17, 2020","Abu Dhabi, Abu Dhabi, United Arab Emirates"
fd4578cac86d75ca,UFC Fight Night: Moraes vs. Sandhagen,"October 10, 2020","Abu Dhabi, Abu Dhabi, United Arab Emirates"
805ad1801eb26abb,UFC Fight Night: Holm vs. Aldana,"October 03, 2020","Abu Dhabi, Abu Dhabi, United Arab Emirates"
e69c5ce12f4e762b,UFC 253: Adesanya vs. Costa,"September 26, 2020","Abu Dhabi, Abu Dhabi, United Arab Emirates"
831b937811804dad,UFC Fight Night: Covington vs. Woodley,"September 19, 2020","Las Vegas, Nevada, USA"
9c37681096c6f3a9,UFC Fight Night: Waterson vs. Hill,"September 12, 2020","Las Vegas, Nevada, USA"
542db012217ecb83,UFC Fight Night: Overeem vs. Sakai,"September 05, 2020","Las Vegas, Nevada, USA"
e29cf523ebd155c5,UFC Fight Night: Smith vs. Rakic,"August 29, 2020","Las Vegas, Nevada, USA"
af1e5c64b8663aa0,UFC Fight Night: Munhoz vs. Edgar,"August 22, 2020","Las Vegas, Nevada, USA"
bda04c573563cc2e,UFC 252: Miocic vs. Cormier 3,"August 15, 2020","Las Vegas, Nevada, USA"
7a82635ffa9b59fe,UFC Fight Night: Lewis vs. Oleinik,"August 08, 2020","Las Vegas, Nevada, USA"
3746e21bb508391a,UFC Fight Night: Brunson vs. Shahbazyan,"August 01, 2020","Las Vegas, Nevada, USA"
dde70a112e053a6c,UFC Fight Night: Whittaker vs. Till,"July 25, 2020","Abu Dhabi, Abu Dhabi, United Arab Emirates"
ddbd0d6259ce57cc,UFC Fight Night: Figueiredo vs. Benavidez 2,"July 18, 2020","Abu Dhabi, Abu Dhabi, United Arab Emirates"
18f5669a92e99d92,UFC Fight Night: Kattar vs. Ige,"July 15, 2020","Abu Dhabi, Abu Dhabi, United Arab Emirates"
dbd198f780286aca,UFC 251: Usman vs. Masvidal,"July 11, 2020","Abu Dhabi, Abu Dhabi, United Arab Emirates"
c32eab6c2119e989,UFC Fight Night: Poirier vs. Hooker,"June 27, 2020","Las Vegas, Nevada, USA"
2eab7a6c8b0ed8cc,UFC Fight Night: Blaydes vs. Volkov,"June 20, 2020","Las Vegas, Nevada, USA"
1e13936d708bcff7,UFC Fight Night: Eye vs. Calvillo,"June 13, 2020","Las Vegas, Nevada, USA"
4c12aa7ca246e7a4,UFC 250: Nunes vs. Spencer,"June 06, 2020","Las Vegas, Nevada, USA"
14b9e0f2679a2205,UFC Fight Night: Woodley vs. Burns,"May 30, 2020","Las Vegas, Nevada, USA"
dfb965c9824425db,UFC Fight Night: Overeem vs. Harris,"May 16, 2020","Jacksonville, Florida, USA"
5f8e00c27b7e7410,UFC Fight Night: Smith vs. Teixeira,"May 13, 2020","Jacksonville, Florida, USA"
898337ef520fe4d3,UFC 249: Ferguson vs. Gaethje,"May 09, 2020","Jacksonville, Florida, USA"
53278852bcd91e11,UFC Fight Night: Lee vs. Oliveira,"March 14, 2020","Brasilia, Distrito Federal, Brazil"
0b5b6876c2a4723f,UFC 248: Adesanya vs. Romero,"March 07, 2020","Las Vegas, Nevada, USA"
fc9a9559a05f2704,UFC Fight Night: Benavidez vs. Figueiredo,"February 29, 2020","Norfolk, Virginia, USA"
33b2f68ef95252e0,UFC Fight Night: Felder vs. Hooker,"February 22, 2020","Auckland, New Zealand"
5df17b3620145578,UFC Fight Night: Anderson vs. Blachowicz,"February 15, 2020","Rio Rancho, New Mexico, USA"
b26d3e3746fb4024,UFC 247: Jones vs. Reyes,"February 08, 2020","Houston, Texas, USA"
44aa652b181bcf68,UFC Fight Night: Blaydes vs. Dos Santos,"January 25, 2020","Raleigh, North Carolina, USA"
0c1773639c795466,UFC 246: McGregor vs. Cowboy,"January 18, 2020","Las Vegas, Nevada, USA"
74fefd43f073cd2f,UFC Fight Night: Edgar vs. The Korean Zombie,"December 21, 2019","Busan, South Korea"
4565d435005319c0,UFC 245: Usman vs. Covington,"December 14, 2019","Las Vegas, Nevada, USA"
b09890ba7ce1d1e2,UFC Fight Night: Overeem vs. Rozenstruik,"December 07, 2019","Washington, DC, USA"
81ca2c245b19b3c5,UFC Fight Night: Blachowicz vs. Jacare,"November 16, 2019","Sao Paulo, Sao Paulo, Brazil"
8d5daf67983b65ba,UFC Fight Night: Zabit vs. Kattar,"November 09, 2019","Moscow, Moscow, Russia"
fd87b1bbfcde9d5e,UFC 244: Masvidal vs. Diaz,"November 02, 2019","New York City, New York, USA"
df05aa15b2d66f57,UFC Fight Night: Maia vs. Askren,"October 26, 2019","Kallang, Singapore"
3ae10ac4df3df05c,UFC Fight Night: Reyes vs. Weidman,"October 18, 2019","Boston, Massachusetts, USA"
0941df56f6ac954b,UFC Fight Night: Joanna vs. Waterson,"October 12, 2019","Tampa, Florida, USA"
3cf68c1d17f66af7,UFC 243: Whittaker vs. Adesanya,"October 05, 2019","Melbourne, Victoria, Australia"
1bf49bf829964144,UFC Fight Night: Hermansson vs. Cannonier,"September 28, 2019","Copenhagen, Denmark"
94a5aaf573f780ad,UFC Fight Night: Rodriguez vs. Stephens,"September 21, 2019","Mexico City, Distrito Federal, Mexico"
4834ff149dc9542a,UFC Fight Night: Cowboy vs. Gaethje,"September 14, 2019","Vancouver, British Columbia, Canada"
a79bfbc01b2264d6,UFC 242: Khabib vs. Poirier,"September 07, 2019","Abu Dhabi, Abu Dhabi, United Arab Emirates"
2c104b7e59a72629,UFC Fight Night: Andrade vs. Zhang,"August 31, 2019","Shenzhen, Guangdong, China"
70167689d6a01793,UFC 241: Cormier vs. Miocic 2,"August 17, 2019","Anaheim, California, USA"
e5d03e4d966126bd,UFC Fight Night: Shevchenko vs. Carmouche 2,"August 10, 2019","Montevideo, Uruguay"
03da33a102d9a45f,UFC Fight Night: Covington vs. Lawler,"August 03, 2019","Newark, New Jersey, USA"
abcf7e55a0a9ed89,UFC 240: Holloway vs. Edgar,"July 27, 2019","Edmonton, Alberta, Canada"
9e0f28d1f639ad73,UFC Fight Night: Dos Anjos vs. Edwards,"July 20, 2019","San Antonio, Texas, USA"
2f8f3c69522db931,UFC Fight Night: De Randamie vs. Ladd,"July 13, 2019","Sacramento, California, USA"
6c9383ffab2725a5,UFC 239: Jones vs. Santos,"July 06, 2019","Las Vegas, Nevada, USA"
c0c1bc0766df4c00,UFC Fight Night: Ngannou vs. Dos Santos,"June 29, 2019","Minneapolis, Minnesota, USA"
b16a7e6a627e9789,UFC Fight Night: Moicano vs. The Korean Zombie,"June 22, 2019","Greenville, South Carolina, USA"
e31502e3f79d00c5,UFC 238: Cejudo vs. Moraes,"June 08, 2019","Chicago, Illinois, USA"
cbc071cb20ea59c7,UFC Fight Night: Gustafsson vs. Smith,"June 01, 2019","Stockholm, Sweden"
6b8f28da9a483049,UFC Fight Night: Dos Anjos vs. Lee,"May 18, 2019","Rochester, New York, USA"
9de7c97e1c0d7927,UFC 237: Namajunas vs. Andrade,"May 11, 2019","Rio de Janeiro, Rio de Janeiro, Brazil"
351264d11286d09a,UFC Fight Night: Iaquinta vs. Cowboy,"May 04, 2019","Ottawa, Ontario, Canada"
c912f676692c353a,UFC Fight Night: Jacare vs. Hermansson,"April 27, 2019","Sunrise, Florida, USA"
7dcf06c1967801c1,UFC Fight Night: Overeem vs. Oleinik,"April 20, 2019","Saint Petersburg, Saint Petersburg, Russia"
b0550072e5f0afa7,UFC 236: Holloway vs. Poirier 2,"April 13, 2019","Atlanta, Georgia, USA"
9649d75defe0dedb,UFC Fight Night: Barboza vs. Gaethje,"March 30, 2019","Philadelphia, Pennsylvania, USA"
487c170da059857d,UFC Fight Night: Thompson vs. Pettis,"March 23, 2019","Nashville, Tennessee, USA"
80eacd4da0617c57,UFC Fight Night: Till vs. Masvidal,"March 16, 2019","London, England, United Kingdom"
e96d8538d3f9d0ed,UFC Fight Night: Lewis vs. Dos Santos,"March 09, 2019","Wichita, Kansas, USA"
2d5fbe2103f97053,UFC 235: Jones vs. Smith,"March 02, 2019","Las Vegas, Nevada, USA"
6546af7ab545b90c,UFC Fight Night: Blachowicz vs. Santos,"February 23, 2019","Prague, Czech Republic"
a7a79b8efbceaaac,UFC Fight Night: Ngannou vs. Velasquez,"February 17, 2019","Phoenix, Arizona, USA"
b5882371e2a3900d,UFC 234: Adesanya vs. Silva,"February 09, 2019","Melbourne, Victoria, Australia"
84283233ec42be5f,UFC Fight Night: Assuncao vs. Moraes 2,"February 02, 2019","Fortaleza, Ceara, Brazil"
d4da8995fc91e7ef,UFC Fight Night: Cejudo vs. Dillashaw,"January 19, 2019","Brooklyn, New York, USA"
c046100aea0dba9a,UFC 232: Jones vs. Gustafsson 2,"December 29, 2018","Los Angeles, California, USA"
7a703c565ccaa18f,UFC Fight Night: Lee vs. Iaquinta,"December 15, 2018","Milwaukee, Wisconsin, USA"
2a74bbba57058f12,UFC 231: Holloway vs. Ortega,"December 08, 2018","Toronto, Ontario, Canada"
d1d20e651e6cbc02,UFC Fight Night: Dos Santos vs. Tuivasa,"December 01, 2018","Adelaide, South Australia, Australia"
c7ac79839e86ce33,The Ultimate Fighter: Heavy Hitters Finale,"November 30, 2018","Las Vegas, Nevada, USA"
de25520d54eab12d,UFC Fight Night: Blaydes vs. Ngannou 2,"November 24, 2018","Beijing, China"
aa3153a9941b4d44,UFC Fight Night: Magny vs. Ponzinibbio,"November 17, 2018","Buenos Aires, Buenos Aires, Argentina"
42c96a9c4802e2e1,UFC Fight Night: Korean Zombie vs. Rodriguez,"November 10, 2018","Denver, Colorado, USA"
20821819c401ced8,UFC 230: Cormier vs. Lewis,"November 03, 2018","New York City, New York, USA"
33a331684283900f,UFC Fight Night: Oezdemir vs. Smith,"October 27, 2018","Moncton, New Brunswick, Canada"
1ef0eae31904e534,UFC 229: Khabib vs. McGregor,"October 06, 2018","Las Vegas, Nevada, USA"
852454c572675334,UFC Fight Night: Marreta vs. Anders,"September 22, 2018","Sao Paulo, Sao Paulo, Brazil"
8d49545dadf9b919,UFC Fight Night: Hunt vs. Oleinik,"September 15, 2018","Moscow, Moscow, Russia"
d5ae8074631762fc,UFC 228: Woodley vs. Till,"September 08, 2018","Dallas, Texas, USA"
c0342805a1948cbb,UFC Fight Night: Gaethje vs. Vick,"August 25, 2018","Lincoln, Nebraska, USA"
03b1e846b09f721d,UFC 227: Dillashaw vs. Garbrandt 2,"August 04, 2018","Los Angeles, California, USA"
322a56923b396b4d,UFC Fight Night: Alvarez vs. Poirier 2,"July 28, 2018","Calgary, Alberta, Canada"
4f732e58ed907eff,UFC Fight Night: Shogun vs. Smith,"July 22, 2018","Hamburg, Hamburg, Germany"
b45d6b73f4ca4467,UFC Fight Night: Dos Santos vs. Ivanov,"July 14, 2018","Boise, Idaho, USA"
35585d970300d45a,UFC 226: Miocic vs. Cormier,"July 07, 2018","Las Vegas, Nevada, USA"
8215e4fe24e8e81b,The Ultimate Fighter: Undefeated Finale,"July 06, 2018","Las Vegas, Nevada, USA"
ac5f67109accb482,UFC Fight Night: Cowboy vs. Edwards,"June 23, 2018","Kallang, Singapore"
2eae41f61776c60f,UFC 225: Whittaker vs. Romero 2,"June 09, 2018","Chicago, Illinois, USA"
d29b5c4f22c6357d,UFC Fight Night: Rivera vs. Moraes,"June 01, 2018","Utica, New York, USA"
f5990c11974d8e9c,UFC Fight Night: Thompson vs. Till,"May 27, 2018","Liverpool, England, United Kingdom"
3144121470023e9a,UFC Fight Night: Maia vs. Usman,"May 19, 2018","Santiago, Chile"
67ec58d7cf599835,UFC 224: Nunes vs. Pennington,"May 12, 2018","Rio de Janeiro, Rio de Janeiro, Brazil"
ad99fa5325519169,UFC Fight Night: Barboza vs. Lee,"April 21, 2018","Atlantic City, New Jersey, USA"
620be7e0712d431b,UFC Fight Night: Poirier vs. Gaethje,"April 14, 2018","Glendale, Arizona, USA"
49e7e05f902479ca,UFC 223: Khabib vs. Iaquinta,"April 07, 2018","Brooklyn, New York, USA"
eed2b71d77d95416,UFC Fight Night: Werdum vs. Volkov,"March 17, 2018","London, England, United Kingdom"
7929be8290289a47,UFC 222: Cyborg vs. Kunitskaya,"March 03, 2018","Las Vegas, Nevada, USA"
daa89f01e1c0f42a,UFC Fight Night: Emmett vs. Stephens,"February 24, 2018","Orlando, Florida, USA"
d181689653115b6a,UFC Fight Night: Cerrone vs. Medeiros,"February 18, 2018","Austin, Texas, USA"
15515e797aedc137,UFC 221: Romero vs. Rockhold,"February 10, 2018","Perth, Western Australia, Australia"
7cf20446453f852b,UFC Fight Night: Machida vs. Anders,"February 03, 2018","Belem, Para, Brazil"
602bb270f2bdbf02,UFC Fight Night: Jacare vs. Brunson 2,"January 27, 2018","Charlotte, North Carolina, USA"
02177caefe7c07d4,UFC 220: Miocic vs. Ngannou,"January 20, 2018","Boston, Massachusetts, USA"
fc1868f56d3036eb,UFC Fight Night: Stephens vs. Choi,"January 14, 2018","St. Louis, Missouri, USA"
04076783ca83d6ae,UFC 219: Cyborg vs. Holm,"December 30, 2017","Las Vegas, Nevada, USA"
eaa0a728cc91ef60,UFC Fight Night: Lawler vs. Dos Anjos,"December 16, 2017","Winnipeg, Manitoba, Canada"
bcd124bcd3d5be46,UFC Fight Night: Swanson vs. Ortega,"December 09, 2017","Fresno, California, USA"
9e30f69cc0869301,UFC 218: Holloway vs. Aldo 2,"December 02, 2017","Detroit, Michigan, USA"
30e8b4505f5ccf92,The Ultimate Fighter: A New World Champion Finale,"December 01, 2017","Las Vegas, Nevada, USA"
e7bc606d269896aa,UFC Fight Night: Bisping vs. Gastelum,"November 25, 2017","Shanghai, Hebei, China"
caced97768818230,UFC Fight Night: Werdum vs. Tybura,"November 18, 2017","Sydney, New South Wales, Australia"
d856a0080ac09ed7,UFC Fight Night: Poirier vs. Pettis,"November 11, 2017","Norfolk, Virginia, USA"
a25b71fe5e31fa97,UFC 217: Bisping vs. St-Pierre,"November 04, 2017","New York City, New York, USA"
a7724f51e32e763e,UFC Fight Night: Brunson vs. Machida,"October 28, 2017","Sao Paulo, Sao Paulo, Brazil"
d6b68eaf4b68b160,UFC Fight Night: Cerrone vs. Till,"October 21, 2017","Gdansk, Poland"
cc5834a495d1ea08,UFC 216: Ferguson vs. Lee,"October 07, 2017","Las Vegas, Nevada, USA"
9211aae062b799d6,UFC Fight Night: Saint Preux vs. Okami,"September 22, 2017","Saitama, Saitama, Japan"
1979c80150f630c4,UFC Fight Night: Rockhold vs. Branch,"September 16, 2017","Pittsburgh, Pennsylvania, USA"
d86e913c548c07c2,UFC 215: Nunes vs Shevchenko 2,"September 09, 2017","Edmonton, Alberta, Canada"
a3244e3238541482,UFC Fight Night: Volkov vs. Struve,"September 02, 2017","Rotterdam, Zuid-Holland, Netherlands"
f4a031ac205ac580,UFC Fight Night: Pettis vs. Moreno,"August 05, 2017","Mexico City, Distrito Federal, Mexico"
ff9578cdbfabd323,UFC 214: Cormier vs. Jones 2,"July 29, 2017","Anaheim, California, USA"
9f3d6ddef3d3cccc,UFC Fight Night: Weidman vs. Gastelum,"July 22, 2017","Uniondale, New York, USA"
d7907a9a968e4d29,UFC Fight Night: Nelson vs. Ponzinibbio,"July 16, 2017","Glasgow, Scotland, United Kingdom"
686cccbf1a4de453,UFC 213: Romero vs. Whittaker,"July 08, 2017","Las Vegas, Nevada, USA"
23bd78c3f89bdb54,The Ultimate Fighter: Redemption Finale,"July 07, 2017","Las Vegas, Nevada, USA"
99bf06f20491cb54,UFC Fight Night: Chiesa vs. Lee,"June 25, 2017","Oklahoma City, Oklahoma, USA"
353de740bb6c7e75,UFC Fight Night: Holm vs. Correia,"June 17, 2017","Kallang, Singapore"
90e7447d8b7f3f35,UFC Fight Night: Lewis vs. Hunt,"June 10, 2017","Auckland, New Zealand"
1507214bbc7a79e2,UFC 212: Aldo vs. Holloway,"June 03, 2017","Rio de Janeiro, Rio de Janeiro, Brazil"
1c7cce2f5c17160d,UFC Fight Night: Gustafsson vs. Teixeira,"May 28, 2017","Stockholm, Sweden"
5df10509264586e5,UFC 211: Miocic vs. Dos Santos,"May 13, 2017","Dallas, Texas, USA"
bc7f7f0ba3db74d2,UFC Fight Night: Swanson vs. Lobov,"April 22, 2017","Nashville, Tennessee, USA"
ed069a95aaaf4f56,UFC on FOX: Johnson vs. Reis,"April 15, 2017","Kansas City, Missouri, USA"
e7bfdb5e0112891e,UFC 210: Cormier vs. Johnson 2,"April 08, 2017","Buffalo, New York, USA"
c0231720fe516994,UFC Fight Night: Manuwa vs. Anderson,"March 18, 2017","London, England, United Kingdom"
47b7e4e60813b7b2,UFC Fight Night: Belfort vs. Gastelum,"March 11, 2017","Fortaleza, Ceara, Brazil"
20e403a1acfef130,UFC 209: Woodley vs. Thompson 2,"March 04, 2017","Las Vegas, Nevada, USA"
b4ad3a06ee4d660c,UFC Fight Night: Lewis vs. Browne,"February 19, 2017","Halifax, Nova Scotia, Canada"
865aa315ea62c511,UFC 208: Holm vs. De Randamie,"February 11, 2017","Brooklyn, New York, USA"
6a8a06b542e1516d,UFC Fight Night: Bermudez vs. The Korean Zombie,"February 04, 2017","Houston, Texas, USA"
4512e46543b960ad,UFC on FOX: Shevchenko vs. Pena,"January 28, 2017","Denver, Colorado, USA"
46effbd1135423c5,UFC Fight Night: Rodriguez vs. Penn,"January 15, 2017","Phoenix, Arizona, USA"
4b2390cfaceb91d8,UFC 207: Nunes vs. Rousey,"December 30, 2016","Las Vegas, Nevada, USA"
32541eb5d12668b4,UFC on FOX: VanZant vs. Waterson,"December 17, 2016","Sacramento, California, USA"
6e3282d57d2467a0,UFC 206: Holloway vs. Pettis,"December 10, 2016","Toronto, Ontario, Canada"
7139cd2ae4bf6a29,UFC Fight Night: Lewis vs. Abdurakhimov,"December 09, 2016","Albany, New York, USA"
bd4389b71fdc0ce2,The Ultimate Fighter: Tournament of Champions Finale,"December 03, 2016","Las Vegas, Nevada, USA"
73e09f837f3b5ecc,UFC Fight Night: Whittaker vs. Brunson,"November 26, 2016","Melbourne, Victoria, Australia"
5cde96e0a1a1fffe,UFC Fight Night: Bader vs. Nogueira,"November 19, 2016","Sao Paulo, Sao Paulo, Brazil"
6810d8d2dd557cf9,UFC Fight Night: Mousasi vs. Hall 2,"November 19, 2016","Belfast, Northern Ireland, United Kingdom"
4956f60b7fa57c1a,UFC 205: Alvarez vs McGregor,"November 12, 2016","New York City, New York, USA"
6083f497c22cc075,UFC Fight Night: Dos Anjos vs. Ferguson,"November 05, 2016","Mexico City, Distrito Federal, Mexico"
154a6b3ffae264cd,UFC 204: Bisping vs. Henderson,"October 08, 2016","Manchester, England, United Kingdom"
a196332ee4aa8a82,UFC Fight Night: Lineker vs. Dodson,"October 01, 2016","Portland, Oregon, USA"
e18012194473e8b0,UFC Fight Night: Cyborg vs. Lansberg,"September 24, 2016","Brasilia, Distrito Federal, Brazil"
d6455cb4bee503ce,UFC Fight Night: Poirier vs. Johnson,"September 17, 2016","Hidalgo, Texas, USA"
2dc7f1762dc0a7ef,UFC 203: Miocic vs. Overeem,"September 10, 2016","Cleveland, Ohio, USA"
2b4faacc16d66898,UFC Fight Night: Arlovski vs. Barnett,"September 03, 2016","Hamburg, Hamburg, Germany"
cfbccfed4e4796fe,UFC on FOX: Maia vs. Condit,"August 27, 2016","Vancouver, British Columbia, Canada"
5da4e8dc02e50ac0,UFC 202: Diaz vs. McGregor 2,"August 20, 2016","Las Vegas, Nevada, USA"
232c582f29f8f65e,UFC Fight Night: Rodriguez vs. Caceres,"August 06, 2016","Salt Lake City, Utah, USA"
72cbe507644a587c,UFC 201: Lawler vs. Woodley,"July 30, 2016","Atlanta, Georgia, USA"
8a028648f3f0761d,UFC on FOX: Holm vs. Shevchenko,"July 23, 2016","Chicago, Illinois, USA"
5e7a28f20927d64a,UFC Fight Night: McDonald vs. Lineker,"July 13, 2016","Sioux Falls, South Dakota, USA"
aa5b4eff51bdc7d1,UFC 200: Tate vs Nunes,"July 09, 2016","Las Vegas, Nevada, USA"
cd42bbe8887bba90,The Ultimate Fighter: Team Joanna vs. Team Cláudia Finale,"July 08, 2016","Las Vegas, Nevada, USA"
45a2ba3ef82b9700,UFC Fight Night: Dos Anjos vs. Alvarez,"July 07, 2016","Las Vegas, Nevada, USA"
563d051c9e769b24,UFC Fight Night: MacDonald vs Thompson,"June 18, 2016","Ottawa, Ontario, Canada"
ff4c3ab594c7fac3,UFC 199: Rockhold vs. Bisping 2,"June 04, 2016","Los Angeles, California, USA"
990060b2a68a7b82,UFC Fight Night: Almeida vs Garbrandt,"May 29, 2016","Las Vegas, Nevada, USA"
a4bf17bd3ba3423b,UFC 198: Werdum vs Miocic,"May 14, 2016","Curitiba, Parana, Brazil"
a314687f372b2cec,UFC Fight Night: Overeem vs Arlovski,"May 08, 2016","Rotterdam, Zuid-Holland, Netherlands"
3d481aa374c954a1,UFC 197: Jones vs Saint Preux,"April 23, 2016","Las Vegas, Nevada, USA"
e7e970d508529bf3,UFC on FOX: Teixeira vs Evans,"April 16, 2016","Tampa, Florida, USA"
4887e5bc4dbb73ff,UFC Fight Night: Rothwell vs Dos Santos,"April 10, 2016","Zagreb, Croatia"
e60201cfab7d656d,UFC Fight Night: Hunt vs Mir,"March 19, 2016","Brisbane, Queensland, Australia"
db1f2ed63b54b9a7,UFC 196: McGregor vs Diaz,"March 05, 2016","Las Vegas, Nevada, USA"
39c568f8c579913e,UFC Fight Night: Silva vs Bisping,"February 27, 2016","London, England, United Kingdom"
d56bb6dff2ae77eb,UFC Fight Night: Cowboy vs Cowboy,"February 21, 2016","Pittsburgh, Pennsylvania, USA"
de99da2c0d18d34a,UFC Fight Night: Hendricks vs Thompson,"February 06, 2016","Las Vegas, Nevada, USA"
b3fb8d2293e17a59,UFC on FOX: Johnson vs. Bader,"January 30, 2016","Newark, New Jersey, USA"
c6becb722706c7d8,UFC Fight Night: Dillashaw vs Cruz,"January 17, 2016","Boston, Massachusetts, USA"
380e8b023290d091,UFC 195: Lawler vs Condit,"January 02, 2016","Las Vegas, Nevada, USA"
80d918336163b80c,UFC on FOX: Dos Anjos vs. Cowboy 2,"December 19, 2015","Orlando, Florida, USA"
354808cf38d9d73c,UFC 194: Aldo vs McGregor,"December 12, 2015","Las Vegas, Nevada, USA"
20fbff570c678e1c,The Ultimate Fighter: Team McGregor vs. Team Faber Finale,"December 11, 2015","Las Vegas, Nevada, USA"
dd39f1ca787a3d9d,UFC Fight Night: Namajunas vs. VanZant,"December 10, 2015","Las Vegas, Nevada, USA"
4d636c3aa1105950,UFC Fight Night: Henderson vs Masvidal,"November 28, 2015","Seoul, South Korea"
243b07fc65ccbb16,UFC Fight Night: Magny vs Gastelum,"November 21, 2015","Monterrey, Nuevo Leon, Mexico"
8d04923f2db59b7f,UFC 193: Rousey vs Holm,"November 14, 2015","Melbourne, Victoria, Australia"
5345f86680378fc1,UFC Fight Night: Belfort vs Henderson 3,"November 07, 2015","Sao Paulo, Sao Paulo, Brazil"
f3155a94ca420126,UFC Fight Night: Holohan vs Smolka,"October 24, 2015","Dublin, Leinster, Ireland"
119ebea97e914dcf,UFC 192: Cormier vs Gustafsson,"October 03, 2015","Houston, Texas, USA"
a4dd5c9a75763295,UFC Fight Night: Barnett vs Nelson,"September 26, 2015","Saitama, Japan"
82f5c81f4e3c3eb5,UFC 191: Johnson vs Dodson 2,"September 05, 2015","Las Vegas, Nevada, USA"
2ce6541127b0e232,UFC Fight Night: Holloway vs Oliveira,"August 23, 2015","Saskatoon, Saskatchewan, Canada"
b71667c778b6d9e5,UFC Fight Night: Teixeira vs Saint Preux,"August 08, 2015","Nashville, Tennessee, USA"
a9c45a8b21eabadc,UFC 190: Rousey vs Correia,"August 01, 2015","Rio de Janeiro, Rio de Janeiro, Brazil"
0c3838c8f7c620c2,UFC on FOX: Dillashaw vs. Barao II,"July 25, 2015","Chicago, Illinois, USA"
ef7fa30364cbe7f2,UFC Fight Night: Bisping vs Leites,"July 18, 2015","Glasgow, Scotland, United Kingdom"
36877f0e62b25b96,UFC Fight Night: Mir vs Duffee,"July 15, 2015","San Diego, California, USA"
a890f9a791ed615d,The Ultimate Fighter: American Top Team vs. Blackzilians Finale,"July 12, 2015","Las Vegas, Nevada, USA"
3be081c29bf734d9,UFC 189: Mendes vs McGregor,"July 11, 2015","Las Vegas, Nevada, USA"
86e388ed20761ad9,UFC Fight Night: Machida vs Romero,"June 27, 2015","Hollywood, Florida, USA"
194fc025f9355db6,UFC Fight Night: Jedrzejczyk vs Penne,"June 20, 2015","Berlin, Berlin, Germany"
a58114c6dd0add64,UFC 188: Velasquez vs Werdum,"June 13, 2015","Mexico City, Distrito Federal, Mexico"
06dc1a58663579d2,UFC Fight Night: Boetsch vs Henderson,"June 06, 2015","New Orleans, Louisiana, USA"
aae0897825336b1a,UFC Fight Night: Condit vs Alves,"May 30, 2015","Goiania, Goias, Brazil"
4f7e290e71d60f87,UFC 187: Johnson vs Cormier,"May 23, 2015","Las Vegas, Nevada, USA"
b1605ea39fba6af6,UFC Fight Night: Edgar vs Faber,"May 16, 2015","Manila, Philippines"
8a1b4330c7957961,UFC Fight Night: Miocic vs Hunt,"May 09, 2015","Adelaide, South Australia, Australia"
997b4f52f76a0b53,UFC 186: Johnson vs Horiguchi,"April 25, 2015","Montreal, Quebec, Canada"
bc7cf284c1c2f16e,UFC on FOX: Machida vs Rockhold,"April 18, 2015","Newark, New Jersey, USA"
5de61b03868035ff,UFC Fight Night: Gonzaga vs Cro Cop 2,"April 11, 2015","Krakow, Poland"
16d09e800ad7ec79,UFC Fight Night: Mendes vs Lamas,"April 04, 2015","Fairfax, Virginia, USA"
fa534853eb195270,UFC Fight Night: Maia vs LaFlare,"March 21, 2015","Rio de Janeiro, Brazil"
f54200f1dfb9b5d4,UFC 185: Pettis vs Dos Anjos,"March 14, 2015","Dallas, Texas, USA"
ad4e9055bf8cd04d,UFC 184: Rousey vs Zingano,"February 28, 2015","Los Angeles, California, USA"
0577808d22dfe79c,UFC Fight Night: Bigfoot vs Mir,"February 22, 2015","Porto Alegre, Rio Grande do Sul, Brazil"
f9c7fe2682af3802,UFC Fight Night: Henderson vs Thatch,"February 14, 2015","Broomfield, Colorado, USA"
43563a32c3f10e95,UFC 183: Silva vs Diaz,"January 31, 2015","Las Vegas, Nevada, USA"
706404da0775dcbc,UFC on FOX: Gustafsson vs Johnson,"January 24, 2015","Stockholm, Sweden"
f9aa6376ae16bfb4,UFC Fight Night: McGregor vs Siver,"January 18, 2015","Boston, Massachusetts, USA"
a72d260b436924c4,UFC 182: Jones vs Cormier,"January 03, 2015","Las Vegas, Nevada, USA"
4e5bbc4566049cbf,UFC Fight Night: Machida vs Dollaway,"December 20, 2014","Barueri, Sao Paulo, Brazil"
d4a12dfa4067742f,UFC on FOX: Dos Santos vs Miocic,"December 13, 2014","Phoenix, Arizona, USA"
222d6b547de2e035,The Ultimate Fighter: A Champion Will Be Crowned Finale,"December 12, 2014","Las Vegas, Nevada, USA"
dfdd0c5dd0d4bc23,UFC 181: Hendricks vs Lawler II,"December 06, 2014","Las Vegas, Nevada, USA"
155a02a8b4311057,UFC Fight Night: Edgar vs Swanson,"November 22, 2014","Austin, Texas, USA"
59851163aaf1aed8,UFC 180: Werdum vs Hunt,"November 15, 2014","Mexico City, Distrito Federal, Mexico"
6ca68b636fbc1f18,UFC Fight Night 56: Shogun vs Saint Preux,"November 08, 2014","Uberlandia, Minas Gerais, Brazil"
371a1c91b24dec2b,UFC Fight Night: Rockhold vs Bisping,"November 07, 2014","Sydney, New South Wales, Australia"
53f02bbc41d99432,UFC 179: Aldo vs Mendes 2,"October 25, 2014","Rio de Janeiro, Brazil"
0313bf497de9c470,UFC Fight Night: MacDonald vs Saffiedine,"October 04, 2014","Halifax, Nova Scotia, Canada"
8dc4f34c1f50d00d,UFC Fight Night: Nelson vs Story,"October 04, 2014","Stockholm, Sweden"
3bb030257966b022,UFC 178: Johnson vs Cariaso,"September 27, 2014","Las Vegas, Nevada, USA"
2dea80c069847321,UFC Fight Night: Hunt vs Nelson,"September 20, 2014","Saitama, Japan"
a71feb7ea7592a71,UFC Fight Night: Bigfoot vs Arlovski,"September 13, 2014","Brasilia, Distrito Federal, Brazil"
9bcfb40dbcd50568,UFC Fight Night: Jacare vs Mousasi,"September 05, 2014","Ledyard, Connecticut, USA"
269d103c96a4c3a5,UFC 177: Dillashaw vs Soto,"August 30, 2014","Sacramento, California, USA"
063649e21bc9d6d5,UFC Fight Night: Henderson vs Dos Anjos,"August 23, 2014","Tulsa, Oklahoma, USA"
770b9d4813c25902,UFC Fight Night: Bisping vs Le,"August 23, 2014","Macau, China"
fd7acf42bd6e7e95,UFC Fight Night: Bader vs Saint Preux,"August 16, 2014","Bangor, Maine, USA"
05fbfe628658c538,UFC on FOX: Lawler vs Brown,"July 26, 2014","San Jose, California, USA"
073eee4e62f0d988,UFC Fight Night: McGregor vs Brandao,"July 19, 2014","Dublin, Leinster, Ireland"
79ded75550efc139,UFC Fight Night: Cowboy vs Miller,"July 16, 2014","Atlantic City, New Jersey, USA"
1c5879330d42255f,The Ultimate Fighter: Team Edgar vs. Team Penn Finale,"July 06, 2014","Las Vegas, Nevada, USA"
53adf5b845d91e4a,UFC 175: Weidman vs Machida,"July 05, 2014","Las Vegas, Nevada, USA"
c0ed7b208197e8de,UFC Fight Night: Swanson vs Stephens,"June 28, 2014","San Antonio, Texas, USA"
ac9521250dc1a14c,UFC Fight Night: Te Huna vs Marquardt,"June 28, 2014","Auckland, New Zealand"
5b5307450405abf0,UFC 174: Johnson vs Bagautinov,"June 14, 2014","Vancouver, British Columbia, Canada"
1fcfc3709fe58151,UFC Fight Night: Henderson vs Khabilov,"June 07, 2014","Albuquerque, New Mexico, USA"
59aaf2730b84698a,UFC Fight Night: Miocic vs Maldonado,"May 31, 2014","Sao Paulo, Brazil"
b757c73f443d4fca,UFC Fight Night: Munoz vs Mousasi,"May 31, 2014","Berlin, Germany"
9ca265dfe8323db3,UFC 173: Barao vs Dillashaw,"May 24, 2014","Las Vegas, Nevada, USA"
579fcdfcabd23a7b,UFC Fight Night: Brown vs Silva,"May 10, 2014","Cincinnati, Ohio, USA"
4f2fcbefb668689d,UFC 172: Jones vs Teixeira,"April 26, 2014","Baltimore, Maryland, USA"
a421465acbe59c77,UFC on FOX: Werdum vs Browne,"April 19, 2014","Orlando, Florida, USA"
f9f07bb5a43535ed,UFC Fight Night: Bisping vs Kennedy,"April 16, 2014","Quebec City, Quebec, Canada"
d632d156c0549e07,UFC Fight Night: Minotauro vs Nelson,"April 11, 2014","Abu Dhabi, United Arab Emirates"
d5f820c11a121050,UFC Fight Night: Shogun vs Henderson 2,"March 23, 2014","Natal, Rio Grande do Norte, Brazil"
179f1948dc234f1f,UFC 171: Hendricks vs Lawler,"March 15, 2014","Dallas, Texas, USA"
ebc1f40e00e0c481,UFC Fight Night: Gustafsson vs Manuwa,"March 08, 2014","London, England, United Kingdom"
a26198ba5093147e,UFC Fight Night: Kim vs Hathaway,"March 01, 2014","Macau, China"
3138fab619faf4d1,UFC 170: Rousey vs McMann,"February 22, 2014","Las Vegas, Nevada, USA"
51b0bb73a1da34bc,UFC Fight Night: Machida vs Mousasi,"February 15, 2014","Jaragua do Sul, Santa Catarina, Brazil"
fc31f896cde2bc2e,UFC 169: Barao vs Faber 2,"February 01, 2014","Newark, New Jersey, USA"
a8d521d913df4e31,UFC on FOX: Henderson vs Thomson,"January 25, 2014","Chicago, Illinois, USA"
30a09e43f15f1d75,UFC Fight Night: Rockhold vs Philippou,"January 15, 2014","Duluth, Georgia, USA"
e5c9de15bb58b1c6,UFC Fight Night: Saffiedine vs Lim,"January 04, 2014","Singapore, Singapore"
83d0de122f2f9664,UFC 168: Weidman vs Silva 2,"December 28, 2013","Las Vegas, Nevada, USA"
480b702debcb5433,UFC on FOX: Johnson vs. Benavidez 2,"December 14, 2013","Sacramento, California, USA"
ee457ef1e1c326c1,UFC Fight Night: Hunt vs Bigfoot,"December 06, 2013","Brisbane, Queensland, Australia"
9a967e8e43dcef63,The Ultimate Fighter: Team Rousey vs. Team Tate Finale,"November 30, 2013","Las Vegas, Nevada, USA"
28f3c2258a1d8874,UFC 167: St-Pierre vs Hendricks,"November 16, 2013","Las Vegas, Nevada, USA"
5d7c18191b8aa432,UFC Fight Night: Belfort vs Henderson 2,"November 09, 2013","Goiania, Goias, Brazil"
35dc6220b113b7ec,UFC Fight Night: Fight for the Troops 3,"November 06, 2013","Fort Campbell, Kentucky, USA"
60884f31ead1609c,UFC Fight Night: Machida vs Munoz,"October 26, 2013","Manchester, England, United Kingdom"
eae4aec1a5a8ff01,UFC 166: Velasquez vs Dos Santos 3,"October 19, 2013","Houston, Texas, USA"
43612456979e5d5e,UFC Fight Night: Maia vs Shields,"October 09, 2013","Barueri, Sao Paulo, Brazil"
df5a77121ba84a5d,UFC 165: Jones vs Gustafsson,"September 21, 2013","Toronto, Ontario, Canada"
b23fca14c7b79935,UFC Fight Night: Teixeira vs Bader,"September 04, 2013","Belo Horizonte, Minas Gerais, Brazil"
980b4e712489098e,UFC 164: Henderson vs Pettis 2,"August 31, 2013","Milwaukee, Wisconsin, USA"
e5c38954c006f15c,UFC Fight Night: Condit vs Kampmann 2,"August 28, 2013","Indianapolis, Indiana, USA"
cf1a88371c8cb690,UFC Fight Night: Shogun vs Sonnen,"August 17, 2013","Boston, Massachusetts, USA"
ebc5af72ad5a28cb,UFC 163: Aldo vs Jung,"August 03, 2013","Rio de Janeiro, Brazil"
5330fe7e4c3af81c,UFC on FOX: Johnson vs Moraga,"July 27, 2013","Seattle, Washington, USA"
e0b74df14f52cd15,UFC 162: Silva vs Weidman,"July 06, 2013","Las Vegas, Nevada, USA"
8fd1f27e86661ede,UFC 161: Evans vs Henderson,"June 15, 2013","Winnipeg, Manitoba, Canada"
7865707fd684d77b,UFC on FUEL TV: Nogueira vs. Werdum,"June 08, 2013","Fortaleza, Ceara, Brazil"
3c241737a6069b9f,UFC 160: Velasquez vs Silva 2,"May 25, 2013","Las Vegas, Nevada, USA"
030f08370fd1c2bb,UFC on FX: Belfort vs. Rockhold,"May 18, 2013","Jaragua do Sul, Santa Catarina, Brazil"
ea0ad155451ed1f5,UFC 159: Jones vs Sonnen,"April 27, 2013","Newark, New Jersey, USA"
aa79d5399571068e,UFC on FOX: Henderson vs Melendez,"April 20, 2013","San Jose, California, USA"
ce47f49e5c386a9c,The Ultimate Fighter: Team Jones vs. Team Sonnen Finale,"April 13, 2013","Las Vegas, Nevada, USA"
6291ac0a3726732f,UFC on FUEL TV: Mousasi vs Latifi,"April 06, 2013","Stockholm, Sweden"
f1b2a4365799c48b,UFC 158: St-Pierre vs Diaz,"March 16, 2013","Montreal, Quebec, Canada"
83c6c3e0f8bde8ee,UFC on FUEL TV: Silva vs. Stann,"March 02, 2013","Saitama, Japan"
09c44b317c98bf96,UFC 157: Rousey vs Carmouche,"February 23, 2013","Anaheim, California, USA"
4679a38cced7c64a,UFC on FUEL TV: Barao vs McDonald,"February 16, 2013","London, England, United Kingdom"
601cf40c09090853,UFC 156: Aldo vs Edgar,"February 02, 2013","Las Vegas, Nevada, USA"
738acab0c6934dd8,UFC on FOX: Johnson vs Dodson,"January 26, 2013","Chicago, Illinois, USA"
56f4b81ec4db61af,UFC on FX: Belfort vs Bisping,"January 19, 2013","Sao Paulo, Brazil"
c6e6926a81adcd00,UFC 155: Dos Santos vs Velasquez II,"December 29, 2012","Las Vegas, Nevada, USA"
c6da1c24fe473418,The Ultimate Fighter: Team Carwin vs. Team Nelson Finale,"December 15, 2012","Las Vegas, Nevada, USA"
e8c170a64dc920ac,UFC on FX: Sotiropoulos vs Pearson,"December 14, 2012","Gold Coast, Queensland, Australia"
d1e6a6536ee62517,UFC on FOX: Henderson vs Diaz,"December 08, 2012","Seattle, Washington, USA"
d41937647eae9a34,UFC 154: St-Pierre vs Condit,"November 17, 2012","Montreal, Quebec, Canada"
319fa1bd3176bded,UFC Macao: Franklin vs Le,"November 10, 2012","Macau, China"
96d173b7f92aa520,UFC 153: Silva vs Bonnar,"October 13, 2012","Rio de Janeiro, Brazil"
6a0b80a24f22e152,UFC on FX: Browne vs Bigfoot,"October 05, 2012","Minneapolis, Minnesota, USA"
6cbb7661c3258617,UFC on FUEL TV: Struve vs Miocic,"September 29, 2012","Nottingham, England, United Kingdom"
53e533db1b8e9712,UFC 152: Jones vs Belfort,"September 22, 2012","Toronto, Ontario, Canada"
3c48019bc387b80c,UFC 150: Henderson vs Edgar II,"August 11, 2012","Denver, Colorado, USA"
f62850b3c7480db9,UFC on FOX: Shogun vs Vera,"August 04, 2012","Los Angeles, California, USA"
abbc4fc02e0d84b3,UFC 149: Faber vs Barao,"July 21, 2012","Calgary, Alberta, Canada"
d3b5ad3b15a64a18,UFC on FUEL TV: Munoz vs Weidman,"July 11, 2012","San Jose, California, USA"
e8efeb9cf33b1941,UFC 148: Silva vs Sonnen 2,"July 07, 2012","Las Vegas, Nevada, USA"
3da19339ee7051d5,UFC 147: Silva vs Franklin 2,"June 23, 2012","Belo Horizonte, Minas Gerais, Brazil"
505934897b8b4824,UFC on FX: Maynard vs Guida,"June 22, 2012","Atlantic City, New Jersey, USA"
49590e0508b2c19f,UFC on FX: Johnson vs McCall,"June 08, 2012","Sunrise, Florida, USA"
96087e90d900f0ef,The Ultimate Fighter: Live Finale,"June 01, 2012","Las Vegas, Nevada, USA"
4985113c0928aa62,UFC 146: Dos Santos vs Mir,"May 26, 2012","Las Vegas, Nevada, USA"
8caca5857ce0e30b,UFC on FUEL TV: Korean Zombie vs Poirier,"May 15, 2012","Fairfax, Virginia, USA"
5898357a45a73674,UFC on FOX: Diaz vs Miller,"May 05, 2012","East Rutherford, New Jersey, USA"
155bfc7ed36622df,UFC 145: Jones vs Evans,"April 21, 2012","Atlanta, Georgia, USA"
21f2974fd08085e3,UFC on FUEL TV: Gustafsson vs Silva,"April 14, 2012","Stockholm, Sweden"
b5ea750025697880,UFC on FX: Alves vs Kampmann,"March 02, 2012","Sydney, New South Wales, Australia"
8377c5572cb356f3,UFC 144: Edgar vs Henderson,"February 25, 2012","Saitama, Japan"
0a97691039c4bbfb,UFC on FUEL TV: Sanchez vs Ellenberger,"February 15, 2012","Omaha, Nebraska, USA"
df2cf66d8c0123db,UFC 143: Diaz vs Condit,"February 04, 2012","Las Vegas, Nevada, USA"
c3c23c99477c041b,UFC on FOX: Evans vs Davis,"January 28, 2012","Chicago, Illinois, USA"
4d74641fac830182,UFC on FX: Guillard vs Miller,"January 20, 2012","Nashville, Tennessee, USA"
18524b46c570730b,UFC 142: Aldo vs Mendes,"January 14, 2012","Rio de Janeiro, Brazil"
91720876db0ee468,UFC 141: Lesnar vs Overeem,"December 30, 2011","Las Vegas, Nevada, USA"
6d7886b094b471ac,UFC 140: Jones vs Machida,"December 10, 2011","Toronto, Ontario, Canada"
1f5f75658551f2d3,The Ultimate Fighter: Team Bisping vs Team Miller Finale,"December 03, 2011","Las Vegas, Nevada, USA"
0ec821423baa26bd,UFC 139: Shogun vs Henderson,"November 19, 2011","San Jose, California, USA"
1c061eb6e29eaa0a,UFC on FOX: Velasquez vs Dos Santos,"November 12, 2011","Anaheim, California, USA"
e780ccc79a209985,UFC 138: Leben vs Munoz,"November 05, 2011","Birmingham, England, United Kingdom"
8788beb528894f33,UFC 137: Penn vs Diaz,"October 29, 2011","Las Vegas, Nevada, USA"
7d5b12de1625984e,UFC 136: Edgar vs Maynard 3,"October 08, 2011","Houston, Texas, USA"
44f9c777fed7ca03,UFC Live: Cruz vs Johnson,"October 01, 2011","Washington, DC, USA"
73ef22f25d0f70e2,UFC 135: Jones vs Rampage,"September 24, 2011","Denver, Colorado, USA"
1ffc38f67785797b,UFC Fight Night: Shields vs Ellenberger,"September 17, 2011","New Orleans, Louisiana, USA"
18968f97ad34f15c,UFC 134: Silva vs Okami,"August 27, 2011","Rio de Janeiro, Brazil"
4c8d6fde2dde07c4,UFC Live: Hardy vs Lytle,"August 14, 2011","Milwaukee, Wisconsin, USA"
f1f9e48a0d150757,UFC 133: Evans vs Ortiz 2,"August 06, 2011","Philadelphia, Pennsylvania, USA"
83fd97284f4bb4a4,UFC 132: Cruz vs Faber,"July 02, 2011","Las Vegas, Nevada, USA"
d023ae89a2a4a41e,UFC Live: Kongo vs Barry,"June 26, 2011","Pittsburgh, Pennsylvania, USA"
aac5ac38148f0528,UFC 131: Dos Santos vs Carwin,"June 11, 2011","Vancouver, British Columbia, Canada"
3ba3b5cc94498437,The Ultimate Fighter: Team Lesnar vs Team dos Santos Finale,"June 04, 2011","Las Vegas, Nevada, USA"
b732b326c362fb62,UFC 130: Rampage vs Hamill,"May 28, 2011","Las Vegas, Nevada, USA"
2db7fa8db6bc9632,UFC 129: St-Pierre vs Shields,"April 30, 2011","Toronto, Ontario, Canada"
8a59d346dc976a10,UFC Fight Night: Nogueira vs Davis,"March 26, 2011","Seattle, Washington, USA"
1411c630ba711b64,UFC 128: Shogun vs Jones,"March 19, 2011","Newark, New Jersey, USA"
a54fc2d6fc224dc3,UFC Live: Sanchez vs Kampmann,"March 03, 2011","Louisville, Kentucky, USA"
88a9bc81271ccd89,UFC 127: Penn vs Fitch,"February 26, 2011","Sydney, New South Wales, Australia"
65ddc8a9ac4e8531,UFC 126: Silva vs Belfort,"February 05, 2011","Las Vegas, Nevada, USA"
282fa667ff9c51ed,UFC Fight Night: Fight for the Troops 2,"January 22, 2011","Killeen, Texas, USA"
d1152823307d7e7c,UFC 125: Resolution,"January 01, 2011","Las Vegas, Nevada, USA"
132f860d02953f4c,UFC 124: St-Pierre vs Koscheck 2,"December 11, 2010","Montreal, Quebec, Canada"
5d7bdab5e03e3216,The Ultimate Fighter: Team GSP vs Team Koscheck Finale,"December 04, 2010","Las Vegas, Nevada, USA"
dd992d569aaebee6,UFC 123: Rampage vs Machida,"November 20, 2010","Auburn Hills, Michigan, USA"
0ff11cc094e887bc,UFC 122: Marquardt vs Okami,"November 13, 2010","Oberhausen, North Rhine-Westphalia, Germany"
afdb76fbd86f6d11,UFC 121: Lesnar vs Velasquez,"October 23, 2010","Anaheim, California, USA"
d512d9f204059f57,UFC 120: Bisping vs Akiyama,"October 16, 2010","London, England, United Kingdom"
ad32471f01e7b1a5,UFC 119: Mir vs Cro Cop,"September 25, 2010","Indianapolis, Indiana, USA"
acff437707625fc7,UFC Fight Night: Marquardt vs Palhares,"September 15, 2010","Austin, Texas, USA"
054defd5420a551f,UFC 118: Edgar vs Penn 2,"August 28, 2010","Boston, Massachusetts, USA"
2f3f12002564bb55,UFC 117: Silva vs Sonnen,"August 07, 2010","Oakland, California, USA"
f12f979b657ab876,UFC Live: Jones vs Matyushenko,"August 01, 2010","San Diego, California, USA"
140745cbbcb023ac,UFC 116: Lesnar vs Carwin,"July 03, 2010","Las Vegas, Nevada, USA"
9bcf8603ceb25680,The Ultimate Fighter: Team Liddell vs Team Ortiz Finale,"June 19, 2010","Las Vegas, Nevada, USA"
cfb65863d5099327,UFC 115: Liddell vs Franklin,"June 12, 2010","Vancouver, British Columbia, Canada"
bfc2fc38a0e20211,UFC 114: Rampage vs Evans,"May 29, 2010","Las Vegas, Nevada, USA"
d0c29452d3272603,UFC 113: Machida vs Shogun 2,"May 08, 2010","Montreal, Quebec, Canada"
24b033b3daf1c9df,UFC 112: Invincible,"April 10, 2010","Abu Dhabi, United Arab Emirates"
3ed134d85dfbd7b4,UFC Fight Night: Florian vs Gomi,"March 31, 2010","Charlotte, North Carolina, USA"
c80095f6092271a7,UFC 111: St-Pierre vs Hardy,"March 27, 2010","Newark, New Jersey, USA"
3795fca327cbcf23,UFC Live: Vera vs Jones,"March 21, 2010","Broomfield, Colorado, USA"
49efbdc6c9f650c4,UFC 110: Nogueira vs Velasquez,"February 20, 2010","Sydney, New South Wales, Australia"
15edcf67ccf5be84,UFC 109: Relentless,"February 06, 2010","Las Vegas, Nevada, USA"
58bc81376286b3d3,UFC Fight Night: Maynard vs Diaz,"January 11, 2010","Fairfax, Virginia, USA"
a6d8bfe9e0c8153b,UFC 108: Evans vs Silva,"January 02, 2010","Las Vegas, Nevada, USA"
821cd80aab70d5f9,UFC 107: Penn vs Sanchez,"December 12, 2009","Memphis, Tennessee, USA"
91d73ee59347ac16,The Ultimate Fighter: Heavyweights Finale,"December 05, 2009","Las Vegas, Nevada, USA"
84a067c46306a737,UFC 106: Ortiz vs Griffin 2,"November 21, 2009","Las Vegas, Nevada, USA"
fa8b9e6b0c2269f8,UFC 105: Couture vs Vera,"November 14, 2009","Manchester, England, United Kingdom"
7c0847d3854a95f2,UFC 104: Machida vs Shogun,"October 24, 2009","Los Angeles, California, USA"
896c322f56b8be5a,UFC 103: Franklin vs Belfort,"September 19, 2009","Dallas, Texas, USA"
a8ea84cbe1655f0a,UFC Fight Night: Diaz vs Guillard,"September 16, 2009","Oklahoma City, Oklahoma, USA"
c6a33ff198aaaeeb,UFC 102: Couture vs Nogueira,"August 29, 2009","Portland, Oregon, USA"
48d1f690b763934c,UFC 101: Declaration,"August 08, 2009","Philadelphia, Pennsylvania, USA"
0ee783aa00e468f0,UFC 100,"July 11, 2009","Las Vegas, Nevada, USA"
4908c5ee68a50ee5,The Ultimate Fighter: United States vs. United Kingdom Finale,"June 20, 2009","Las Vegas, Nevada, USA"
cb6783c39c01d896,UFC 99: The Comeback,"June 13, 2009","Cologne, North Rhine-Westphalia, Germany"
c4b6099f0d25f75e,UFC 98: Evans vs Machida,"May 23, 2009","Las Vegas, Nevada, USA"
1652f3213655b935,UFC 97: Redemption,"April 18, 2009","Montreal, Quebec, Canada"
04d5718ed2661e8c,UFC Fight Night: Condit vs Kampmann,"April 01, 2009","Nashville, Tennessee, USA"
29b5791e51e7e832,UFC 96: Jackson vs Jardine,"March 07, 2009","Columbus, Ohio, USA"
7d21de9c6d7c98b2,UFC 95: Sanchez vs Stevenson,"February 21, 2009","London, England, United Kingdom"
d1759b2b7be9be56,UFC Fight Night: Lauzon vs Stephens,"February 07, 2009","Tampa, Florida, USA"
2a542ee8a8b83559,UFC 94: St-Pierre vs Penn 2,"January 31, 2009","Las Vegas, Nevada, USA"
68c6cd5287b473a7,UFC 93: Franklin vs Henderson,"January 17, 2009","Dublin, Leinster, Ireland"
23ab42947c1990e3,UFC 92: The Ultimate 2008,"December 27, 2008","Las Vegas, Nevada, USA"
ea398c802d9998ee,The Ultimate Fighter: Team Nogueira vs. Team Mir Finale,"December 13, 2008","Las Vegas, Nevada, USA"
30cd319d39ee689b,UFC Fight Night - Fight for the Troops,"December 10, 2008","Fayetteville, North Carolina, USA"
a2b06ca02bca14c0,UFC 91: Couture vs Lesnar,"November 15, 2008","Las Vegas, Nevada, USA"
c670aa48827d6be6,UFC 90: Silva vs Cote,"October 25, 2008","Rosemont, Illinois, USA"
312f47c3d2f83ffa,UFC 89: Bisping vs Leben,"October 18, 2008","Birmingham, England, United Kingdom"
279093302a6f44b3,UFC Fight Night: Diaz vs Neer,"September 17, 2008","Omaha, Nebraska, USA"
0db70ca89e1c7374,UFC 88: Breakthrough,"September 06, 2008","Atlanta, Georgia, USA"
19ffeb5e3fffd6d5,UFC 87: Seek And Destroy,"August 09, 2008","Minneapolis, Minnesota, USA"
46f11d15c0134fe3,UFC: Silva vs Irvin,"July 19, 2008","Las Vegas, Nevada, USA"
bf12aca029bfcc47,UFC 86: Jackson vs Griffin,"July 05, 2008","Las Vegas, Nevada, USA"
2299605af59fd309,The Ultimate Fighter: Team Rampage vs Team Forrest Finale,"June 21, 2008","Las Vegas, Nevada, USA"
2efbc83a6b9b7f86,UFC 85: Bedlam,"June 07, 2008","London, England, United Kingdom"
2549d63da9c456cb,UFC 84: Ill Will,"May 24, 2008","Las Vegas, Nevada, USA"
ad047e3073a775f3,UFC 83: Serra vs St-Pierre 2,"April 19, 2008","Montreal, Quebec, Canada"
b9e871af730f826c,UFC Fight Night: Florian vs Lauzon,"April 02, 2008","Broomfield, Colorado, USA"
598a58db87b890ee,UFC 82: Pride of a Champion,"March 01, 2008","Columbus, Ohio, USA"
597db668b01c442c,UFC 81: Breaking Point,"February 02, 2008","Las Vegas, Nevada, USA"
33e33d51f289d2a1,UFC Fight Night: Swick vs Burkman,"January 23, 2008","Las Vegas, Nevada, USA"
a24e080000fa7a35,UFC 80: Rapid Fire,"January 19, 2008","Newcastle, England, United Kingdom"
7269329bd87eb479,UFC 79: Nemesis,"December 29, 2007","Las Vegas, Nevada, USA"
df85d6ec3493d120,The Ultimate Fighter: Team Hughes vs. Team Serra Finale,"December 08, 2007","Las Vegas, Nevada, USA"
1d147d4163a6989b,UFC 78: Validation,"November 17, 2007","Newark, New Jersey, USA"
91181b29be041f1c,UFC 77: Hostile Territory,"October 20, 2007","Cincinnati, Ohio, USA"
bad28b7b34f334de,UFC 76: Knockout,"September 22, 2007","Anaheim, California, USA"
f341f9551ba744e2,UFC Fight Night: Thomas vs Florian,"September 19, 2007","Las Vegas, Nevada, USA"
0aa92558424ced9e,UFC 75: Champion vs Champion,"September 08, 2007","London, England, United Kingdom"
a5c53b3ddb31cc7d,UFC 74: Respect,"August 25, 2007","Las Vegas, Nevada, USA"
2a6f8136da1e52c0,UFC 73: Stacked,"July 07, 2007","Sacramento, California, USA"
e7ec11096eac0282,The Ultimate Fighter: Team Pulver vs. Team Penn Finale,"June 23, 2007","Las Vegas, Nevada, USA"
5ca158b1cc9cb242,UFC 72: Victory,"June 16, 2007","Belfast, Northern Ireland, United Kingdom"
304fcd812f12c589,UFC Fight Night: Stout vs Fisher,"June 12, 2007","Hollywood, Florida, USA"
2e04a3b4a2011b97,UFC 71: Liddell vs Jackson,"May 26, 2007","Las Vegas, Nevada, USA"
4604ab1de9058474,UFC 70: Nations Collide,"April 21, 2007","Manchester, England, United Kingdom"
c1684f00c626f4c0,UFC 69: Shootout,"April 07, 2007","Houston, Texas, USA"
a6c2f5381d575920,UFC Fight Night: Stevenson vs Guillard,"April 05, 2007","Las Vegas, Nevada, USA"
de3ed2e152520c8d,UFC 68: The Uprising,"March 03, 2007","Columbus, Ohio, USA"
63b65af1c5cb02cb,UFC 67: All or Nothing,"February 03, 2007","Las Vegas, Nevada, USA"
13c4313ed0f744f3,UFC Fight Night: Evans vs Salmon,"January 25, 2007","Hollywood, Florida, USA"
ee5df903f80c6816,UFC 66: Liddell vs Ortiz 2,"December 30, 2006","Las Vegas, Nevada, USA"
21b8a0f5c231096f,UFC Fight Night: Sanchez vs Riggs,"December 13, 2006","San Diego, California, USA"
3fed746acfd026dd,UFC 65: Bad Intentions,"November 18, 2006","Sacramento, California, USA"
baf942f4bcb09894,The Ultimate Fighter: The Comeback Finale,"November 11, 2006","Las Vegas, Nevada, USA"
13b2f59210dda9cc,UFC 64: Unstoppable,"October 14, 2006","Las Vegas, Nevada, USA"
577ec7e108b94be3,Ortiz vs Shamrock 3: The Final Chapter,"October 10, 2006","Hollywood, Florida, USA"
13e62d766b709aa6,UFC 63: Hughes vs Penn,"September 23, 2006","Anaheim, California, USA"
f717b6002486f73f,UFC 62: Liddell vs Sobral,"August 26, 2006","Las Vegas, Nevada, USA"
46c8ec317aff28ac,UFC Fight Night 6,"August 17, 2006","Las Vegas, Nevada, USA"
f70144caea5c4c80,UFC 61: Bitter Rivals,"July 08, 2006","Las Vegas, Nevada, USA"
445a98acb8985970,UFC Fight Night 5,"June 28, 2006","Las Vegas, Nevada, USA"
1dab0d1d81dd06db,The Ultimate Fighter: Team Ortiz vs. Team Shamrock Finale,"June 24, 2006","Las Vegas, Nevada, USA"
a54a35a670d8e852,UFC 60: Hughes vs Gracie,"May 27, 2006","Los Angeles, California, USA"
03688dc3c3af3ac1,UFC 59: Reality Check,"April 15, 2006","Anaheim, California, USA"
b361180739bed4b0,UFC Fight Night 4,"April 06, 2006","Las Vegas, Nevada, USA"
0e9869d712e81f8f,UFC 58: USA vs Canada,"March 04, 2006","Las Vegas, Nevada, USA"
977081bc01197656,UFC 57: Liddell vs Couture 3,"February 04, 2006","Las Vegas, Nevada, USA"
2ee09ec2a0695eb9,UFC Fight Night 3,"January 16, 2006","Las Vegas, Nevada, USA"
c7e9d15cfce52f1d,UFC 56: Full Force,"November 19, 2005","Las Vegas, Nevada, USA"
31ceaf0e670c1578,The Ultimate Fighter: Team Hughes vs. Team Franklin Finale,"November 05, 2005","Las Vegas, Nevada, USA"
271fe91f4ba9d2c5,UFC 55: Fury,"October 07, 2005","Uncasville, Connecticut, USA"
efaf544314bb5c2e,UFC Fight Night 2,"October 03, 2005","Las Vegas, Nevada, USA"
669a3cb6e394f515,UFC 54: Boiling Point,"August 20, 2005","Las Vegas, Nevada, USA"
3f24c96753dbd9f9,UFC Fight Night 1,"August 06, 2005","Las Vegas, Nevada, USA"
d3711d3784b76255,UFC 53: Heavy Hitters,"June 04, 2005","Atlantic City, New Jersey, USA"
c933d423ebdbbbdb,UFC 52: Couture vs Liddell 2,"April 16, 2005","Las Vegas, Nevada, USA"
fbbde91f7bc2d3c5,The Ultimate Fighter: Team Couture vs. Team Liddell Finale,"April 09, 2005","Las Vegas, Nevada, USA"
85d905f7c4f5a1af,UFC 51: Super Saturday,"February 05, 2005","Las Vegas, Nevada, USA"
ce783bf73b5131f9,UFC 50: The War Of '04,"October 22, 2004","Atlantic City, New Jersey, USA"
b4bc2e3353a770b5,UFC 49: Unfinished Business,"August 21, 2004","Las Vegas, Nevada, USA"
429e7d3725852ce9,UFC 48: Payback,"June 19, 2004","Las Vegas, Nevada, USA"
e8fb8e53bc2e29d6,UFC 47: It's On!,"April 02, 2004","Las Vegas, Nevada, USA"
94609dd91731d428,UFC 46: Supernatural,"January 31, 2004","Las Vegas, Nevada, USA"
e670f8cc2969a789,UFC 45: Revolution,"November 21, 2003","Uncasville, Connecticut, USA"
c61f66d8c3fd5f07,UFC 44: Undisputed,"September 26, 2003","Las Vegas, Nevada, USA"
108afe61a26bcbf4,UFC 43: Meltdown,"June 06, 2003","Las Vegas, Nevada, USA"
ae58685caf8e4a0d,UFC 42: Sudden Impact,"April 25, 2003","Miami, Florida, USA"
bba678d312590087,UFC 41: Onslaught,"February 28, 2003","Atlantic City, New Jersey, USA"
e06fd1260ac865a7,UFC 40: Vendetta,"November 22, 2002","Las Vegas, Nevada, USA"
0cf935519d439ba6,UFC 39: The Warriors Return,"September 27, 2002","Uncasville, Connecticut, USA"
1dc56b59cb28425d,UFC 38: Brawl at the Hall,"July 13, 2002","London, England, United Kingdom"
9ccdd2ce45903f34,UFC 37.5: As Real As It Gets,"June 22, 2002","Las Vegas, Nevada, USA"
9fd1f08dd4aec14a,UFC 37: High Impact,"May 10, 2002","Bossier City, Louisiana, USA"
02fc8f50f56eb307,UFC 36: Worlds Collide,"March 22, 2002","Las Vegas, Nevada, USA"
946f341df6472ee0,UFC 35: Throwdown,"January 11, 2002","Uncasville, Connecticut, USA"
4dc496aa0cfc0d95,UFC 34: High Voltage,"November 02, 2001","Las Vegas, Nevada, USA"
c75b99887c8c3f5a,UFC 33: Victory in Vegas,"September 28, 2001","Las Vegas, Nevada, USA"
7b9aa973e5c04624,UFC 32: Showdown in the Meadowlands,"June 29, 2001","East Rutherford, New Jersey, USA"
20bd6c3e03c46ee6,UFC 31: Locked and Loaded,"May 04, 2001","Atlantic City, New Jersey, USA"
2b1587a3376ab743,UFC 30: Battle on the Boardwalk,"February 23, 2001","Atlantic City, New Jersey, USA"
08ae5cd9aef7ddd3,UFC 29: Defense of the Belts,"December 16, 2000","Tokyo, Japan"
da6dfd09cca1d705,UFC 28: High Stakes,"November 17, 2000","Atlantic City, New Jersey, USA"
31652c9267606d54,UFC 27: Ultimate Bad Boyz,"September 22, 2000","New Orleans, Louisiana, USA"
cedfdf8d423d500c,UFC 26: Ultimate Field Of Dreams,"June 09, 2000","Cedar Rapids, Iowa, USA"
d2b1c1317a39f6c6,UFC 25: Ultimate Japan 3,"April 14, 2000","Tokyo, Japan"
20ec0061400178ca,UFC 24: First Defense,"March 10, 2000","Lake Charles, Louisiana, USA"
a8fa0c4e95512806,UFC 23: Ultimate Japan 2,"November 19, 1999","Chiba, Japan"
afaad7d6a581e307,UFC 22: Only One Can be Champion,"September 24, 1999","Lake Charles, Louisiana, USA"
1a1a4d7a29041d77,UFC 21: Return of the Champions,"July 16, 1999","Cedar Rapids, Iowa, USA"
a7b48e18ca27795d,UFC 20: Battle for the Gold,"May 07, 1999","Birmingham, Alabama, USA"
a220be6d41d6f97d,UFC 19: Ultimate Young Guns,"March 05, 1999","Bay St. Louis, Mississippi, USA"
c9bbf1a0285a8076,UFC 18: The Road to the Heavyweight Title,"January 08, 1999","New Orleans, Louisiana, USA"
32a3025d5db456ae,UFC - Ultimate Brazil,"October 16, 1998","Sao Paulo, Brazil"
4a01dc8376736ef5,UFC 17: Redemption,"May 15, 1998","Mobile, Alabama, USA"
749685d24e2cac50,UFC 16: Battle in the Bayou,"March 13, 1998","New Orleans, Louisiana, USA"
29f935654825331b,UFC - Ultimate Japan,"December 21, 1997","Yokohama, Kanagawa, Japan"
07a18ae55dfc3cd9,UFC 15: Collision Course,"October 17, 1997","Bay St. Louis, Mississippi, USA"
dc950d59dc590aca,UFC 14: Showdown,"July 27, 1997","Birmingham, Alabama, USA"
5bd533d50c8e7b8a,UFC 13: The Ultimate Force,"May 30, 1997","Augusta, Georgia, USA"
96eff1a628adcc7f,UFC 12: Judgement Day,"February 07, 1997","Dothan, Alabama, USA"
9b5b5a75523728f3,UFC - Ultimate Ultimate '96,"December 07, 1996","Birmingham, Alabama, USA"
6ceff86fae4f6b3b,UFC 11: The Proving Ground,"September 20, 1996","Augusta, Georgia, USA"
aee8eecfc4bfb1e7,UFC 10: The Tournament,"July 12, 1996","Birmingham, Alabama, USA"
a390eb8a9b2df298,UFC 9: Motor City Madness,"May 17, 1996","Detroit, Michigan, USA"
b63e800c18e011b5,UFC 8: David vs Goliath,"February 16, 1996","San Juan, Puerto Rico"
31bbd46d57dfbcb7,UFC - Ultimate Ultimate '95,"December 16, 1995","Denver, Colorado, USA"
5af480a3b2e1726b,UFC 7: The Brawl in Buffalo,"September 08, 1995","Buffalo, New York, USA"
1c3f5e85b59ec710,UFC 6: Clash of the Titans,"July 14, 1995","Casper, Wyoming, USA"
dedc3bb440d09554,UFC 5: The Return of the Beast,"April 07, 1995","Charlotte, North Carolina, USA"
b60391da771deefe,UFC 4: Revenge of the Warriors,"December 16, 1994","Tulsa, Oklahoma, USA"
1a49e0670dfaca31,UFC 3: The American Dream,"September 09, 1994","Charlotte, North Carolina, USA"
a6a9ab5a824e8f66,UFC 2: No Way Out,"March 11, 1994","Denver, Colorado, USA"
